account_name,date,engagement_score,page_views,form_fills
Acme Corp,2024-05-01,85,12,2
Beta LLC,2024-05-02,70,8,1
Gamma Inc,2024-05-03,90,15,3
Delta Ltd,2024-05-04,60,5,0
Epsilon Co,2024-05-05,88,13,2
Zeta Group,2024-05-06,75,9,1
Eta Inc,2024-05-07,92,16,3
Theta LLC,2024-05-08,65,6,0
Iota Corp,2024-05-09,87,11,2
Kappa Ltd,2024-05-10,72,7,1
Lambda Inc,2024-05-11,91,15,3
Mu Group,2024-05-12,63,4,0
Nu Co,2024-05-13,89,14,2
Xi LLC,2024-05-14,74,8,1
Omicron Inc,2024-05-15,93,17,3
Pi Ltd,2024-05-16,66,5,0
Rho Corp,2024-05-17,86,12,2
Sigma LLC,2024-05-18,71,7,1
Tau Inc,2024-05-19,94,18,3
Upsilon Ltd,2024-05-20,68,6,0 